Product Name,Price,Description
BRIMNES ,$ 229.99,"Wardrobe with 3 doors, "
BRIMNES ,$ 159.99,"Wardrobe with 2 doors, "
SONGESAND ,$ 279.99,"Wardrobe, "
RAKKESTAD ,$ 229.99,"Wardrobe with 3 doors, "
BRIMNES ,$ 229.99,"Wardrobe with 3 doors, "
BRIMNES ,$ 159.99,"Wardrobe with 2 doors, "
SONGESAND ,$ 279.99,"Wardrobe, "
RAKKESTAD ,$ 229.99,"Wardrobe with 3 doors, "
KLEPPSTAD ,$ 149.99,"Wardrobe with 2 doors, "
PAX ,$ 275.00,"Wardrobe with 2 doors, "
KLEPPSTAD ,$ 199.99,"Wardrobe with 3 doors, "
HAUGA ,$ 269.99,"Wardrobe with sliding doors, "
RAKKESTAD ,$ 149.99,"Wardrobe with 2 doors, "
GODISHUS ,$ 119.99,"Wardrobe, "
HAUGA ,$ 629.97,"Wardrobe combination, "
RAKKESTAD ,$ 229.99,"Wardrobe with sliding doors, "
IDANÄS ,$ 429.99,"Wardrobe, "
GURSKEN ,$ 100.00,"Wardrobe with 2 doors, "
VISTHUS ,$ 399.99,"Wardrobe, "
SMÅSTAD / UPPFÖRA ,$ 318.00,"Wardrobe, "
SMÅSTAD ,$ 278.00,"Wardrobe with pull-out unit, "
PAX ,$ 190.00,"Wardrobe with 1 door, "
SUNDVIK ,$ 299.99,"Wardrobe, "
PAX ,$ 345.00,"Wardrobe with 2 doors, "
SMÅSTAD / UPPFÖRA ,$ 198.00,"Wardrobe, "
SMÅSTAD / UPPFÖRA ,$ 541.00,"Wardrobe, "
IDANÄS ,$ 429.99,"Cabinet with bi-folding doors, "
KLEPPSTAD ,$ 229.99,"Wardrobe with sliding doors, "
STUK ,$ 12.99,"Storage with 7 compartments, "
SKUBB ,$ 9.99,"Shoe box, "
STUK ,$ 9.99,"Storage case, "
SKUBB ,$ 9.99,"Storage case, "
SKUBB ,$ 6.99,"Box, set of 6"
STUK ,$ 12.99,"Storage case, "
SKUBB ,$ 11.99,"Organizer with 6 compartments, "
